{
  "Total" : {
    "transaction" : "Total",
    "sampleCount" : 1000,
    "errorCount" : 0,
    "errorPct" : 0.0,
    "meanResTime" : 23567.30400000003,
    "medianResTime" : 23014.0,
    "minResTime" : 5334.0,
    "maxResTime" : 36075.0,
    "pct1ResTime" : 30308.6,
    "pct2ResTime" : 32419.35,
    "pct3ResTime" : 35326.98,
    "throughput" : 4.131036477052093,
    "receivedKBytesPerSec" : 3.0660036353121,
    "sentKBytesPerSec" : 8.201559724459868
  },
  "Requisição HTTP" : {
    "transaction" : "Requisição HTTP",
    "sampleCount" : 1000,
    "errorCount" : 0,
    "errorPct" : 0.0,
    "meanResTime" : 23567.30400000003,
    "medianResTime" : 23014.0,
    "minResTime" : 5334.0,
    "maxResTime" : 36075.0,
    "pct1ResTime" : 30308.6,
    "pct2ResTime" : 32419.35,
    "pct3ResTime" : 35326.98,
    "throughput" : 4.131036477052093,
    "receivedKBytesPerSec" : 3.0660036353121,
    "sentKBytesPerSec" : 8.201559724459868
  }
}