{
  "Total" : {
    "transaction" : "Total",
    "sampleCount" : 7000,
    "errorCount" : 0,
    "errorPct" : 0.0,
    "meanResTime" : 6372.375428571417,
    "medianResTime" : 6250.0,
    "minResTime" : 377.0,
    "maxResTime" : 13961.0,
    "pct1ResTime" : 8564.800000000001,
    "pct2ResTime" : 9295.9,
    "pct3ResTime" : 10749.909999999998,
    "throughput" : 15.381640473930316,
    "receivedKBytesPerSec" : 19.272113992238864,
    "sentKBytesPerSec" : 4.281022983466934
  },
  "Requisição HTTP" : {
    "transaction" : "Requisição HTTP",
    "sampleCount" : 7000,
    "errorCount" : 0,
    "errorPct" : 0.0,
    "meanResTime" : 6372.375428571417,
    "medianResTime" : 6250.0,
    "minResTime" : 377.0,
    "maxResTime" : 13961.0,
    "pct1ResTime" : 8564.800000000001,
    "pct2ResTime" : 9295.9,
    "pct3ResTime" : 10749.909999999998,
    "throughput" : 15.381640473930316,
    "receivedKBytesPerSec" : 19.272113992238864,
    "sentKBytesPerSec" : 4.281022983466934
  }
}