{
  "Total" : {
    "transaction" : "Total",
    "sampleCount" : 4000,
    "errorCount" : 61,
    "errorPct" : 1.525,
    "meanResTime" : 29840.432999999994,
    "medianResTime" : 29834.0,
    "minResTime" : 1793.0,
    "maxResTime" : 54179.0,
    "pct1ResTime" : 35970.7,
    "pct2ResTime" : 37929.74999999999,
    "pct3ResTime" : 41592.92,
    "throughput" : 3.304608028049513,
    "receivedKBytesPerSec" : 6.316649329092281,
    "sentKBytesPerSec" : 3.7757728445487597
  },
  "Requisição HTTP" : {
    "transaction" : "Requisição HTTP",
    "sampleCount" : 4000,
    "errorCount" : 61,
    "errorPct" : 1.525,
    "meanResTime" : 29840.432999999994,
    "medianResTime" : 29834.0,
    "minResTime" : 1793.0,
    "maxResTime" : 54179.0,
    "pct1ResTime" : 35970.7,
    "pct2ResTime" : 37929.74999999999,
    "pct3ResTime" : 41592.92,
    "throughput" : 3.304608028049513,
    "receivedKBytesPerSec" : 6.316649329092281,
    "sentKBytesPerSec" : 3.7757728445487597
  }
}