{
  "Total" : {
    "transaction" : "Total",
    "sampleCount" : 3000,
    "errorCount" : 64,
    "errorPct" : 2.1333334,
    "meanResTime" : 22702.76899999994,
    "medianResTime" : 22939.5,
    "minResTime" : 2295.0,
    "maxResTime" : 35019.0,
    "pct1ResTime" : 26635.600000000002,
    "pct2ResTime" : 28084.75,
    "pct3ResTime" : 31827.399999999987,
    "throughput" : 4.344929467311648,
    "receivedKBytesPerSec" : 3.219038304174029,
    "sentKBytesPerSec" : 8.62621250687947
  },
  "Requisição HTTP" : {
    "transaction" : "Requisição HTTP",
    "sampleCount" : 3000,
    "errorCount" : 64,
    "errorPct" : 2.1333334,
    "meanResTime" : 22702.76899999994,
    "medianResTime" : 22939.5,
    "minResTime" : 2295.0,
    "maxResTime" : 35019.0,
    "pct1ResTime" : 26635.600000000002,
    "pct2ResTime" : 28084.75,
    "pct3ResTime" : 31827.399999999987,
    "throughput" : 4.344929467311648,
    "receivedKBytesPerSec" : 3.219038304174029,
    "sentKBytesPerSec" : 8.62621250687947
  }
}