{
  "Total" : {
    "transaction" : "Total",
    "sampleCount" : 6000,
    "errorCount" : 0,
    "errorPct" : 0.0,
    "meanResTime" : 11802.888999999972,
    "medianResTime" : 11684.0,
    "minResTime" : 397.0,
    "maxResTime" : 20984.0,
    "pct1ResTime" : 14988.500000000004,
    "pct2ResTime" : 16012.649999999998,
    "pct3ResTime" : 17850.98,
    "throughput" : 8.321809938182822,
    "receivedKBytesPerSec" : 10.426642725281798,
    "sentKBytesPerSec" : 2.316128742560649
  },
  "Requisição HTTP" : {
    "transaction" : "Requisição HTTP",
    "sampleCount" : 6000,
    "errorCount" : 0,
    "errorPct" : 0.0,
    "meanResTime" : 11802.888999999972,
    "medianResTime" : 11684.0,
    "minResTime" : 397.0,
    "maxResTime" : 20984.0,
    "pct1ResTime" : 14988.500000000004,
    "pct2ResTime" : 16012.649999999998,
    "pct3ResTime" : 17850.98,
    "throughput" : 8.321809938182822,
    "receivedKBytesPerSec" : 10.426642725281798,
    "sentKBytesPerSec" : 2.316128742560649
  }
}