{
  "Total" : {
    "transaction" : "Total",
    "sampleCount" : 4000,
    "errorCount" : 0,
    "errorPct" : 0.0,
    "meanResTime" : 11293.69199999998,
    "medianResTime" : 11207.0,
    "minResTime" : 765.0,
    "maxResTime" : 23256.0,
    "pct1ResTime" : 14403.7,
    "pct2ResTime" : 15374.9,
    "pct3ResTime" : 17253.47999999999,
    "throughput" : 8.687927473181453,
    "receivedKBytesPerSec" : 10.885362253995904,
    "sentKBytesPerSec" : 2.418026689313198
  },
  "Requisição HTTP" : {
    "transaction" : "Requisição HTTP",
    "sampleCount" : 4000,
    "errorCount" : 0,
    "errorPct" : 0.0,
    "meanResTime" : 11293.69199999998,
    "medianResTime" : 11207.0,
    "minResTime" : 765.0,
    "maxResTime" : 23256.0,
    "pct1ResTime" : 14403.7,
    "pct2ResTime" : 15374.9,
    "pct3ResTime" : 17253.47999999999,
    "throughput" : 8.687927473181453,
    "receivedKBytesPerSec" : 10.885362253995904,
    "sentKBytesPerSec" : 2.418026689313198
  }
}