{
  "Total" : {
    "transaction" : "Total",
    "sampleCount" : 5000,
    "errorCount" : 0,
    "errorPct" : 0.0,
    "meanResTime" : 9511.775799999972,
    "medianResTime" : 9322.5,
    "minResTime" : 510.0,
    "maxResTime" : 24297.0,
    "pct1ResTime" : 11475.0,
    "pct2ResTime" : 12443.0,
    "pct3ResTime" : 16284.899999999998,
    "throughput" : 10.356426784205206,
    "receivedKBytesPerSec" : 12.97587457435086,
    "sentKBytesPerSec" : 2.882403938963363
  },
  "Requisição HTTP" : {
    "transaction" : "Requisição HTTP",
    "sampleCount" : 5000,
    "errorCount" : 0,
    "errorPct" : 0.0,
    "meanResTime" : 9511.775799999972,
    "medianResTime" : 9322.5,
    "minResTime" : 510.0,
    "maxResTime" : 24297.0,
    "pct1ResTime" : 11475.0,
    "pct2ResTime" : 12443.0,
    "pct3ResTime" : 16284.899999999998,
    "throughput" : 10.356426784205206,
    "receivedKBytesPerSec" : 12.97587457435086,
    "sentKBytesPerSec" : 2.882403938963363
  }
}