{
  "Total" : {
    "transaction" : "Total",
    "sampleCount" : 5000,
    "errorCount" : 48,
    "errorPct" : 0.96,
    "meanResTime" : 14163.941599999953,
    "medianResTime" : 14034.0,
    "minResTime" : 839.0,
    "maxResTime" : 28130.0,
    "pct1ResTime" : 18379.600000000002,
    "pct2ResTime" : 19504.849999999995,
    "pct3ResTime" : 21676.709999999992,
    "throughput" : 6.902616505812693,
    "receivedKBytesPerSec" : 12.804957597226803,
    "sentKBytesPerSec" : 1.8874342008081582
  },
  "Requisição HTTP" : {
    "transaction" : "Requisição HTTP",
    "sampleCount" : 5000,
    "errorCount" : 48,
    "errorPct" : 0.96,
    "meanResTime" : 14163.941599999953,
    "medianResTime" : 14034.0,
    "minResTime" : 839.0,
    "maxResTime" : 28130.0,
    "pct1ResTime" : 18379.600000000002,
    "pct2ResTime" : 19504.849999999995,
    "pct3ResTime" : 21676.709999999992,
    "throughput" : 6.902616505812693,
    "receivedKBytesPerSec" : 12.804957597226803,
    "sentKBytesPerSec" : 1.8874342008081582
  }
}