{
  "Total" : {
    "transaction" : "Total",
    "sampleCount" : 1000,
    "errorCount" : 0,
    "errorPct" : 0.0,
    "meanResTime" : 8513.67700000001,
    "medianResTime" : 8382.5,
    "minResTime" : 1014.0,
    "maxResTime" : 17600.0,
    "pct1ResTime" : 10481.199999999999,
    "pct2ResTime" : 11107.9,
    "pct3ResTime" : 13489.330000000004,
    "throughput" : 11.299307352459294,
    "receivedKBytesPerSec" : 21.11999440684286,
    "sentKBytesPerSec" : 3.089654354188088
  },
  "Requisição HTTP" : {
    "transaction" : "Requisição HTTP",
    "sampleCount" : 1000,
    "errorCount" : 0,
    "errorPct" : 0.0,
    "meanResTime" : 8513.67700000001,
    "medianResTime" : 8382.5,
    "minResTime" : 1014.0,
    "maxResTime" : 17600.0,
    "pct1ResTime" : 10481.199999999999,
    "pct2ResTime" : 11107.9,
    "pct3ResTime" : 13489.330000000004,
    "throughput" : 11.299307352459294,
    "receivedKBytesPerSec" : 21.11999440684286,
    "sentKBytesPerSec" : 3.089654354188088
  }
}