{
  "Total" : {
    "transaction" : "Total",
    "sampleCount" : 3000,
    "errorCount" : 0,
    "errorPct" : 0.0,
    "meanResTime" : 23134.54166666667,
    "medianResTime" : 23083.5,
    "minResTime" : 1590.0,
    "maxResTime" : 35788.0,
    "pct1ResTime" : 26942.7,
    "pct2ResTime" : 28236.9,
    "pct3ResTime" : 30668.949999999997,
    "throughput" : 4.267710643528088,
    "receivedKBytesPerSec" : 8.252018627134388,
    "sentKBytesPerSec" : 4.876192825124866
  },
  "Requisição HTTP" : {
    "transaction" : "Requisição HTTP",
    "sampleCount" : 3000,
    "errorCount" : 0,
    "errorPct" : 0.0,
    "meanResTime" : 23134.54166666667,
    "medianResTime" : 23083.5,
    "minResTime" : 1590.0,
    "maxResTime" : 35788.0,
    "pct1ResTime" : 26942.7,
    "pct2ResTime" : 28236.9,
    "pct3ResTime" : 30668.949999999997,
    "throughput" : 4.267710643528088,
    "receivedKBytesPerSec" : 8.252018627134388,
    "sentKBytesPerSec" : 4.876192825124866
  }
}