{
  "Total" : {
    "transaction" : "Total",
    "sampleCount" : 1000,
    "errorCount" : 0,
    "errorPct" : 0.0,
    "meanResTime" : 7292.318000000003,
    "medianResTime" : 7345.0,
    "minResTime" : 1728.0,
    "maxResTime" : 11717.0,
    "pct1ResTime" : 8739.9,
    "pct2ResTime" : 9153.05,
    "pct3ResTime" : 10052.04,
    "throughput" : 13.142504172745074,
    "receivedKBytesPerSec" : 16.466633646124933,
    "sentKBytesPerSec" : 3.6578258683909635
  },
  "Requisição HTTP" : {
    "transaction" : "Requisição HTTP",
    "sampleCount" : 1000,
    "errorCount" : 0,
    "errorPct" : 0.0,
    "meanResTime" : 7292.318000000003,
    "medianResTime" : 7345.0,
    "minResTime" : 1728.0,
    "maxResTime" : 11717.0,
    "pct1ResTime" : 8739.9,
    "pct2ResTime" : 9153.05,
    "pct3ResTime" : 10052.04,
    "throughput" : 13.142504172745074,
    "receivedKBytesPerSec" : 16.466633646124933,
    "sentKBytesPerSec" : 3.6578258683909635
  }
}