{
  "Total" : {
    "transaction" : "Total",
    "sampleCount" : 3000,
    "errorCount" : 0,
    "errorPct" : 0.0,
    "meanResTime" : 10004.162666666683,
    "medianResTime" : 9963.0,
    "minResTime" : 794.0,
    "maxResTime" : 17060.0,
    "pct1ResTime" : 12272.9,
    "pct2ResTime" : 13077.849999999999,
    "pct3ResTime" : 14665.689999999993,
    "throughput" : 9.766515177164585,
    "receivedKBytesPerSec" : 18.254990282317397,
    "sentKBytesPerSec" : 2.670531493755941
  },
  "Requisição HTTP" : {
    "transaction" : "Requisição HTTP",
    "sampleCount" : 3000,
    "errorCount" : 0,
    "errorPct" : 0.0,
    "meanResTime" : 10004.162666666683,
    "medianResTime" : 9963.0,
    "minResTime" : 794.0,
    "maxResTime" : 17060.0,
    "pct1ResTime" : 12272.9,
    "pct2ResTime" : 13077.849999999999,
    "pct3ResTime" : 14665.689999999993,
    "throughput" : 9.766515177164585,
    "receivedKBytesPerSec" : 18.254990282317397,
    "sentKBytesPerSec" : 2.670531493755941
  }
}